{
  "assetsByChunkName": {
    "vendors~app-account~app-checkout~app-confirmation~app-order": "chunk.1e2b1b9f14b2a6515267.js",
    "vendors~app-account~app-confirmation~app-order": "chunk.627306e341291bef8a17.js",
    "vendors~app-account~app-checkout": "chunk.6378afa8c95057d98195.js",
    "admin": [
      "admin.98987d7fc089610d0676.js",
      "admin.98987d7fc089610d0676.js.map"
    ],
    "app-account": "chunk.40ccd933c7384c4f7e20.js",
    "app-confirmation": "chunk.3ca9991ab7ea7592a8b0.js",
    "app-order": "chunk.d07d29b07362123f057b.js",
    "checkout": [
      "checkout.25ac9d497106dacf2393.js",
      "checkout.25ac9d497106dacf2393.js.map"
    ],
    "storefront": [
      "storefront.519177784fa12f21effb.css",
      "storefront.50281295315987fc57d6.js",
      "storefront.519177784fa12f21effb.css.map",
      "storefront.50281295315987fc57d6.js.map"
    ],
    "vendors~app-cart": "chunk.36379e1aaeb3a86b7d43.js",
    "vendors~app-checkout": "chunk.bba26c52655d7a8173ad.js"
  }
}