{
  "title": "Fale conosco",
  "meta_title": "Fale conosco | MacPremier",
  "meta_description": " Fale conosco | MacPremier",
  "body": "<iframe src=\"https://docs.google.com/forms/d/e/1FAIpQLSfbCKJq1V3JRLT5ILc1XplibC9ekxV5WaqOK_q7Fh0eOheTvQ/viewform?embedded=true\" width=\"100%\" height=\"1660\" frameborder=\"0\" marginheight=\"0\" marginwidth=\"0\">Carregando…</iframe>",
  "sections": [
    {
      "type": "extra-page",
      "enabled": true
    },
    {
      "type": "dynamic-showcase",
      "load_more": true
    }
  ]
}