{
  "title": "Perguntas frequentes",
  "meta_title": "Perguntas frequentes | MacPremier",
  "meta_description": "Perguntas frequentes | MacPremier",
  "body": "<input id=\"ss360-smartFaq-search\" type=\"text\" placeholder=\"Digite sua dúvida\"><div id=\"ss360-smartFaq\"></div>\n\n<script type=\"application/ld+json\" id=\"ss360FaqData\">{\"@context\": \"http://schema.org/\",\"@type\": \"FAQPage\", \"mainEntity\": [{\"@type\":\"Question\",\"name\":\"Problemas com a entrega\",\"genre\":\"Entrega\",\"acceptedAnswer\":{\"@type\":\"Answer\",\"text\":\"Você pode acompanhar a entrega diretamente em seu login no site. Caso ocorra atraso ou necessite de maiores informações, nos contate através da Central de Atendimento.\"},\"identifier\":6948433},{\"@type\":\"Question\",\"name\":\"Como acompanho a minha entrega?\",\"genre\":\"Entrega\",\"acceptedAnswer\":{\"@type\":\"Answer\",\"text\":\"Para acompanhar o andamento do seu pedido, na parte superior do site clique em “Meus Pedidos”, depois acesse sua conta.\"},\"identifier\":1842519},{\"@type\":\"Question\",\"name\":\"Qual o prazo de faturamento?\",\"genre\":\"Entrega\",\"acceptedAnswer\":{\"@type\":\"Answer\",\"text\":\"O prazo de faturamento do pedido é de até 24 horas, após a aprovação do pagamento.\"},\"identifier\":7567469},{\"@type\":\"Question\",\"name\":\"Frete\",\"genre\":\"Entrega\",\"acceptedAnswer\":{\"@type\":\"Answer\",\"text\":\"Verifique o frete e prazo de entrega da sua compra na mensagem enviada por e-mail na finalização do pedido ou informando o CEP de entrega na página do produto no site. O prazo de entrega é válido para dias úteis, excluindo sábados, domingos e feriados.\"},\"identifier\":4339538},{\"@type\":\"Question\",\"name\":\"Alteração de endereço\",\"genre\":\"Entrega\",\"acceptedAnswer\":{\"@type\":\"Answer\",\"text\":\"A alteração de endereço poderá ocorrer somente antes do pedido enviado, pode ser solicitado em um de nossos canais de atendimento. Após o envio, não será mais possível modificar as informações.\"},\"identifier\":7923155},{\"@type\":\"Question\",\"name\":\"Quais as formas de pagamento?\",\"genre\":\"Financeiro\",\"acceptedAnswer\":{\"@type\":\"Answer\",\"text\":\"As nossas formas de pagamento são: boleto epix à vista, ou cartão de crédito em até 12x. Principais cartões aceitos: Visa, Hiper, Master, Amex, Elo e Diners.\"},\"identifier\":3840361},{\"@type\":\"Question\",\"name\":\"Por que o meu pedido foi cancelado?\",\"genre\":\"Financeiro\",\"acceptedAnswer\":{\"@type\":\"Answer\",\"text\":\"Em casos de cancelamentos, recomendamos verificar juntamente à operadora ou instituição financeira do cartão de crédito usado na compra.\"},\"identifier\":463735},{\"@type\":\"Question\",\"name\":\"Qual é o prazo de compensação de pagamento?\",\"genre\":\"Financeiro\",\"acceptedAnswer\":{\"@type\":\"Answer\",\"text\":\"Em pagamentos com Boleto Bancário, o seu pedido é liberado mediante a confirmação do pagamento pelo banco. A confirmação é realizada em até 24 horas úteis, a partir da data do pagamento do boleto.\"},\"identifier\":7873865},{\"@type\":\"Question\",\"name\":\"Cupom de desconto\",\"genre\":\"Financeiro\",\"acceptedAnswer\":{\"@type\":\"Answer\",\"text\":\"Para utilizar o Cupom Desconto, escolha o produto desejado, clique na opção comprar e, no checkout, digite o código do seu cupom. Ressaltamos que é valido apenas um cupom de desconto por compra.\"},\"identifier\":3821256},{\"@type\":\"Question\",\"name\":\"Divergência de cobrança\",\"genre\":\"Financeiro\",\"acceptedAnswer\":{\"@type\":\"Answer\",\"text\":\"Em casos de divergência de cobrança é necessário entrar em contato com a nossa Central de Atendimento, contato: sac@macpremier.com.br.\"},\"identifier\":2784453},{\"@type\":\"Question\",\"name\":\"Como sei que meu pedido foi aprovado?\",\"genre\":\"Financeiro\",\"acceptedAnswer\":{\"@type\":\"Answer\",\"text\":\"Assim que aprovado você receberá um email de confirmação, logo após enviaremos um e-mail com a nota fiscal. \"},\"identifier\":3840992},{\"@type\":\"Question\",\"name\":\"Como faço para emitir a segunda via do meu boleto?\",\"genre\":\"Financeiro\",\"acceptedAnswer\":{\"@type\":\"Answer\",\"text\":\"Para solicitar a segunda via do seu boleto entre em contato em um de nossos canais de atendimento. \"},\"identifier\":4571055},{\"@type\":\"Question\",\"name\":\"Alteração de pagamento\",\"genre\":\"Financeiro\",\"acceptedAnswer\":{\"@type\":\"Answer\",\"text\":\"Informamos que após a finalização do seu pedido não será mais possível alterar a forma de pagamento.\"},\"identifier\":662297},{\"@type\":\"Question\",\"name\":\"Aprovação de Pedido\",\"genre\":\"Status do pedido\",\"acceptedAnswer\":{\"@type\":\"Answer\",\"text\":\"A aprovação do pedido é a partir da confirmação de pagamento, o que pode ocorrer em até 48 horas. Para ampliar a segurança da compra, os pedidos realizados com cartão de crédito passam por avaliação de dados cadastrais. *A partir do faturamento inicia o prazo para entrega.*\"},\"identifier\":6115558},{\"@type\":\"Question\",\"name\":\"Qual é o prazo de compensação de pagamento?\",\"genre\":\"Status do pedido\",\"acceptedAnswer\":{\"@type\":\"Answer\",\"text\":\"A compensação de pagamento ocorre dentro do prazo de 24 horas úteis, podendo ser excedida em casos de finais de semana e feriados.\"},\"identifier\":3318243},{\"@type\":\"Question\",\"name\":\"Qual o prazo de faturamento?\",\"genre\":\"Status do pedido\",\"acceptedAnswer\":{\"@type\":\"Answer\",\"text\":\"Após a aprovação do pagamento, o faturamento ocorre em até 24 horas úteis.\"},\"identifier\":2185667},{\"@type\":\"Question\",\"name\":\"Como cancelo meu pedido?\",\"genre\":\"Status do pedido\",\"acceptedAnswer\":{\"@type\":\"Answer\",\"text\":\"A solicitação de cancelamento pode ser realizada diretamente em nossos canais de atendimento ou no \\\"Minha conta\\\".\"},\"identifier\":5870011},{\"@type\":\"Question\",\"name\":\"Por que o meu pedido foi cancelado?\",\"genre\":\"Status do pedido\",\"acceptedAnswer\":{\"@type\":\"Answer\",\"text\":\"Em casos de cancelamento de compra, orientamos que contate a administradora do cartão de crédito e/ou verifique se todas as informações foram preenchidas corretamente.\"},\"identifier\":5108944},{\"@type\":\"Question\",\"name\":\"Como faço para devolver/trocar meu produto?\",\"genre\":\"Trocas e devoluções\",\"acceptedAnswer\":{\"@type\":\"Answer\",\"text\":\"Será enviado para seu email um Código de Autorização de Postagem Reversa, no qual você pode realizar o envio do produto através dos correios para o nosso Centro de Distribuição. Este envio não gera custos para você. Após a chegada do item em nosso Centro de Distribuição, será feito a conferência do item recebido e estornado o valor de sua compra. O prazo de estorno de pedidos devolvido é de até 5 (cinco) dias úteis. Observamos que o produto deverá ser encaminhado acompanhado da Nota Fiscal Eletrônica, relatando o motivo da devolução. \"},\"identifier\":4562597},{\"@type\":\"Question\",\"name\":\"Devolvi meu produto, como funciona o estorno?\",\"genre\":\"Trocas e devoluções\",\"acceptedAnswer\":{\"@type\":\"Answer\",\"text\":\"Confira: \\n- Cartão de Crédito: Assim que o produto retorna ao nosso estoque, realizamos o processo interno de estorno em até 3 dias úteis. Porém, o retorno do crédito ao seu cartão poderá ocorrer em até 2 (duas) faturas subsequentes. Este procedimento é de responsabilidade da administradora do cartão utilizado, portanto você deverá contatar a sua operadora. \\n- Boleto Bancário e Débito online: O estorno será feito na conta corrente em nome do titular da compra em até 5 (cinco) dias úteis após o recebimento do produto em nosso Centro de Distribuição. Não será concedido crédito a terceiros.\"},\"identifier\":8928704},{\"@type\":\"Question\",\"name\":\"Recebi um produto com defeito, como proceder?\",\"genre\":\"Trocas e devoluções\",\"acceptedAnswer\":{\"@type\":\"Answer\",\"text\":\"Caso você tenha recebido o produto com defeito, entre em contato com a nossa Central de Atendimento relatando o problema com o seu produto.\"},\"identifier\":4666794},{\"@type\":\"Question\",\"name\":\"Politica de Arrependimento\",\"genre\":\"Trocas e devoluções\",\"acceptedAnswer\":{\"@type\":\"Answer\",\"text\":\"De acordo com o CDC, compras online possuem até 7 (sete) dias corridos após o recebimento, para manifestar sua insatisfação. Ou seja, caso o produto não responda a suas expectativas e não lhe agrade, você pode solicitar a troca do mesmo. Para realizar esse processo encaminhe um e-mail para: sac@macpremier.com.br. Na mensagem do e-mail declare os motivos da solicitação de troca ou devolução. Lembrando que e-mails recebidos após 7 dias não serão válidos. O processo de troca do produto só será aceito se o produto estiver com embalagem original, com todos os acessórios inclusos, lacre intacto e sem indícios de uso. Além disso, para realizar a troca é necessário o envio de Nota Fiscal de compra do produto.\"},\"identifier\":6671197},{\"@type\":\"Question\",\"name\":\"Qual a qualidade dos produtos seminovos?\",\"genre\":\"Seminovos\",\"acceptedAnswer\":{\"@type\":\"Answer\",\"text\":\"Os seminovos da MacPremier passam por um rigoroso sistema de avaliação e contam com um processo de limpeza e higienização. Somente os classificados como excelentes com poucas ou quase nenhuma marca de uso ficam disponíveis para venda em nosso site.\"},\"identifier\":925207},{\"@type\":\"Question\",\"name\":\"Qual a garantia dos produtos seminovos?\",\"genre\":\"Seminovos\",\"acceptedAnswer\":{\"@type\":\"Answer\",\"text\":\"A Garantia é de 3 meses (90 dias) a partir do recebimento do produto. A mesma deve ser acionada diretamente com a MacPremier.\"},\"identifier\":284462},{\"@type\":\"Question\",\"name\":\"A bateria é original?\",\"genre\":\"Seminovos\",\"acceptedAnswer\":{\"@type\":\"Answer\",\"text\":\"Todas as baterias são originais dos aparelhos com saúde igual ou superior a 80%.\"},\"identifier\":9069506},{\"@type\":\"Question\",\"name\":\"Como recebo o aparelho?\",\"genre\":\"Seminovos\",\"acceptedAnswer\":{\"@type\":\"Answer\",\"text\":\"O Aparelho é enviado em embalagem convencional, não possui a caixa original da Apple.\"},\"identifier\":5902101},{\"@type\":\"Question\",\"name\":\"Acompanha os acessórios?\",\"genre\":\"Seminovos\",\"acceptedAnswer\":{\"@type\":\"Answer\",\"text\":\"Os aparelhos seminovos não acompanham os acessórios.\"},\"identifier\":4291435}]}</script>\n\n<script type=\"application/javascript\"> function ss360SearchFaq(e, searchType) { var sfcn = 'ss360-search-found'; var sffrd = 'ss360-search-filtered'; var query = ''; var idSearch = false; if (e !== undefined && e.target !== undefined) { query = e.target.value; } else { query = e; idSearch = true; } if (searchType !== undefined && searchType === 'query') { idSearch = false; } if (!idSearch) { query = query.toLowerCase().trim(); var urlSearch = window.location.search; if (urlSearch.indexOf('faq-query') > -1) { urlSearch = urlSearch.replace(/faq-query=(.*)/,'faq-query=' + query) } else { if (urlSearch.indexOf('?') > -1) { urlSearch += '&'; } else { urlSearch += '?'; } urlSearch += 'faq-query=' + query; } window.history.pushState('', '', urlSearch); } var faqSearch = query.split(' '); document.querySelectorAll('.ss360-qa').forEach(function (item) { var t = item.textContent.toLowerCase(); var match = query.length > 0; if (idSearch) { match = item.id === 'ss360-qa-' + query; } else { for (var i = 0; i < faqSearch.length; i++) { if (t.indexOf(faqSearch[i]) < 0) { match = false; break; } } } if (match) { if (!item.classList.contains(sfcn)) { item.classList.add(sfcn); } item.classList.remove(sffrd); } else { item.classList.remove(sfcn); if (query.length > 0) { item.classList.add(sffrd) } else { item.classList.remove(sffrd); } } }); } function ss360BuildFaq() { var faqContainer = document.getElementById('ss360-smartFaq'); faqContainer.innerHTML = ''; function qaClickListener(e) { if (this.className.indexOf('ss360-qa-active') > -1 || this.className.indexOf('ss360-search-found') > -1) { this.className = this.className.replace(' ss360-qa-active', ''); this.className = this.className.replace(' ss360-search-found', ''); } else if (this.className.indexOf('ss360-qa') > -1) { this.className += ' ss360-qa-active' } } var ldjson = document.getElementById('ss360FaqData').innerHTML; var faqJson = JSON.parse(ldjson); var qaArray = faqJson['mainEntity']; var categories = []; for (var i = 0; i < qaArray.length; i++) { var qaArrayElement = qaArray[i]; var category = qaArrayElement['genre']; var question = qaArrayElement['name']; var answer = qaArrayElement['acceptedAnswer']['text']; var qaElement = document.createElement('div'); qaElement.className = 'ss360-qa'; if (category !== undefined && category !== null) { qaElement.className += ' qa-category-' + category.replace(/[^a-z0-9]/gi, '-'); if (categories.indexOf(category) < 0 && category.trim().length > 0) { categories.push(category); } } qaElement.onclick = qaClickListener; qaElement.id = 'ss360-qa-' + qaArrayElement['identifier']; var qaQuestionElement = document.createElement('h3'); qaQuestionElement.className = 'ss360-question'; qaQuestionElement.innerHTML = question; qaElement.appendChild(qaQuestionElement); var qaAnswerElement = document.createElement('p'); qaAnswerElement.className = 'ss360-answer'; qaAnswerElement.innerHTML = answer; qaElement.appendChild(qaAnswerElement); faqContainer.appendChild(qaElement); } if (categories.length > 0) { var categoryFilter = document.createElement('div'); for (var i = 0; i < categories.length; i++) { var cat = categories[i]; function qaCategoryClickListener(e) { var thisCategory = 'qa-category-' + this.innerHTML.replace(/ /g, '-'); var thisCategoryActive = this.className.indexOf('qa-category-active') > -1; var qas = document.getElementsByClassName('ss360-qa'); for (var j = 0; j < qas.length; j++) { var element = qas.item(j); var currentClassName = element.className; if (thisCategoryActive) { element.style = 'display:block'; } else { if (currentClassName.indexOf(thisCategory) > -1) { element.style = 'display:block'; } else { element.style = 'display:none'; } } } var scat = document.getElementsByClassName('ss360-category'); for (var j = 0; j < scat.length; j++) { var element = scat.item(j); element.className = element.className.replace(' qa-category-active', ''); } if (!thisCategoryActive) { this.className += ' qa-category-active'; } } var catElement = document.createElement('div'); catElement.className = 'ss360-category'; catElement.innerHTML = cat; catElement.onclick = qaCategoryClickListener; categoryFilter.appendChild(catElement); } faqContainer.insertBefore(categoryFilter, faqContainer.firstChild); } } document.addEventListener(\"DOMContentLoaded\", function () { ss360BuildFaq(); var queryDict = {}; location.search.substr(1).split(\"&\").forEach(function (item) { queryDict[item.split(\"=\")[0]] = item.split(\"=\")[1] }); var faqSearchInput = document.getElementById('ss360-smartFaq-search'); var qaid = queryDict['faq-id']; var faqQuery = queryDict['faq-query']; if (qaid !== undefined) { ss360SearchFaq(qaid, 'identifier'); } else if (faqQuery !== undefined) { faqQuery = decodeURIComponent(faqQuery).replace('+', ' '); faqSearchInput.value = faqQuery; ss360SearchFaq(faqQuery, 'query'); } faqSearchInput.onkeyup = ss360SearchFaq; });</script>\n\n<style> .ss360-question { padding: 10px; cursor: pointer; margin: 0; } .ss360-question:before { font-size: 15px; font-family: Consolas, Monaco, 'Andale Mono', 'Ubuntu Mono', monospace; content: '+ '; position: relative; bottom: 2px; color: #333; } .ss360-qa.ss360-qa-active .ss360-question:before { content: '- '; } .ss360-answer { margin-top: 0; padding: 20px 31px; white-space: pre-line; display: none; border-bottom-left-radius: 10px; border-bottom-right-radius: 10px; line-height: 1.4em; background-color: #f4f4f4; } .ss360-qa.ss360-qa-active .ss360-answer, .ss360-qa.ss360-search-found .ss360-answer { display: block; } .ss360-search-found .ss360-question, .ss360-search-found .ss360-answer { background-color: #d9fdd4; } .ss360-search-filtered { display: none; } .ss360-category { display: inline-block; padding: 10px; cursor: pointer; margin: 10px; margin-left: 0; border-radius: 12px; background-color: #f1f1f1; } .qa-category-active { background-color: #25b1c2; color: white; font-size: 15px; } #ss360-smartFaq-search { margin-top: 15px; padding: 10px; width: 100%; border-radius: 5px;} h3.ss360-question { font-weight: normal; font-size: 15px; color: black;}</style>",
  "sections": [
    {
      "type": "extra-page",
      "enabled": true
    },
    {
      "type": "dynamic-showcase",
      "load_more": true,
      "sort": "sales"
    }
  ]
}