{
  "sections": [
    {
      "type": "breadcrumbs",
      "enabled": true
    },
    {
      "type": "document-banner",
      "enabled": true
    },
    {
      "type": "page-title"
    },
    {
      "type": "document-description",
      "enabled": true
    },
    {
      "type": "brand-retail",
      "enabled": true,
      "sort": "highest_price"
    },
    {
      "type": "dynamic-showcase",
      "load_more": true,
      "sort": "views"
    },
    {
      "type": "brands-carousel",
      "limit": 10,
      "offset": 0,
      "sort": "name",
      "autoplay": 5000
    },
    {
      "type": "info-bar",
      "enabled": true
    }
  ]
}