{
  "description": {
    "title": "MacPremier® Technology",
    "text": "A MacPremier® Technology é um ascendente e-commerce do varejo brasileiro focada na comercialização de computadores Mac, além de outros dispositivos Apple e variados itens de tecnologia. Devido, principalmente, a um novo sistema de logística a MacPremier é capaz de criar ofertas competitivas e atrativas, tornando produtos de tecnologia de alto padrão mais acessíveis ao orçamento do brasileiro."
  },
  "links_1": {
    "list_pages": false,
    "title": "Institucional/links",
    "list": [
      {
        "text": "Perguntas frequentes",
        "url": "https://www.macpremier.com.br/pages/faq"
      },
      {
        "text": "Como comprar?",
        "url": "https://www.macpremier.com.br/pages/como-comprar"
      },
      {
        "text": "Guia de segurança",
        "url": "https://www.macpremier.com.br/pages/guia-de-seguranca"
      },
      {
        "text": "Blog",
        "url": "https://macmagazine.com.br"
      },
      {
        "text": "Podcast",
        "url": "https://macmagazine.com.br/categoria/podcast/"
      },
      {
        "text": "Rastreio rápido",
        "url": "https://tracking.skypostal.com/single-tracking.aspx?"
      },
      {
        "url": "https://www.macpremier.com.br/pages/contato",
        "text": "Fale conosco"
      },
      {
        "text": "Assessoria de imprensa",
        "url": "https://www.macpremier.com.br/"
      },
      {
        "text": "Política de privacidade",
        "url": "https://www.macpremier.com.br/pages/privacidade"
      },
      {
        "text": "Política de cookies",
        "url": "https://www.macpremier.com.br/pages/politica-de-cookies"
      },
      {
        "text": "Lei Geral de Proteção de Dados (LGPD)",
        "url": "https://www.macpremier.com.br/pages/lgpd"
      },
      {
        "text": "Termos de serviço",
        "url": "https://www.macpremier.com.br/pages/termos"
      },
      {
        "url": "https://www.macpremier.com.br/pages/trocas",
        "text": "Trocas e devoluções"
      },
      {
        "text": "Guia de segurança",
        "url": "https://www.macpremier.com.br/pages/guia-de-seguranca"
      },
      {
        "text": "MacPremier Social",
        "url": "https://www.macpremier.com.br/"
      },
      {
        "text": "Sobre nós",
        "url": "https://www.macpremier.com.br/"
      },
      {
        "text": "Procon/PI",
        "url": "https://www.mppi.mp.br/internet/procon/"
      },
      {
        "url": "https://www2.camara.leg.br/legin/fed/lei/1990/lei-8078-11-setembro-1990-365086-normaatualizada-pl.pdf",
        "text": "Código de Defesa do Consumidor"
      }
    ]
  },
  "links_2": {
    "list_categories": false,
    "title": "Categorias",
    "list": [
      {
        "text": "Acessórios",
        "url": "https://macpremier.com.br/acessorios"
      },
      {
        "text": "Desktops",
        "url": "https://macpremier.com.br/desktops"
      },
      {
        "text": "Drones",
        "url": "https://macpremier.com.br/drones"
      },
      {
        "text": "Notebooks",
        "url": "https://macpremier.com.br/notebooks"
      },
      {
        "text": "Smartphones",
        "url": "https://macpremier.com.br/smartphones"
      },
      {
        "text": "Smartwatches",
        "url": "https://macpremier.com.br/smartwatches"
      },
      {
        "text": "Tablets",
        "url": "https://macpremier.com.br/tablets"
      },
      {
        "text": "TV & Casa",
        "url": "https://macpremier.com.br/tv-e-casa"
      }
    ]
  },
  "contacts": {
    "title": "Informações",
    "phone_wpp": true,
    "socials": true,
    "email": true,
    "address": true
  },
  "stamps": [
    {
      "src": "/img/uploads/google-safe-browsing.png",
      "link": "https://transparencyreport.google.com/safe-browsing/search?url=www.macpremier.com.br"
    },
    {
      "src": "/img/uploads/trustvox.png"
    },
    {
      "src": "/img/uploads/ssl-encryption.png",
      "alt": "Conexão segura",
      "link": "https://www.sslshopper.com/ssl-checker.html#hostname=macpremier.com.br"
    },
    {
      "src": "/img/uploads/norton-secured.png",
      "link": "https://safeweb.norton.com/report/show?url=macpremier.com.br",
      "alt": "Norton Secured"
    },
    {
      "src": "/img/uploads/loja-protegida.png",
      "link": ""
    },
    {
      "src": "/img/uploads/redesim.png",
      "alt": "REDESIM",
      "link": "https://servicos.receita.fazenda.gov.br/servicos/cnpjreva/cnpjreva_solicitacao.asp"
    }
  ],
  "payment_methods": {
    "bb": false,
    "visa": true,
    "boleto": true,
    "aura": true,
    "banrisul": false,
    "elo": true,
    "hipercard": true,
    "hsbc": false,
    "bradesco": false,
    "santander": false,
    "mastercard": true,
    "paypal": false,
    "citibank": false,
    "hiper": true,
    "diners": true,
    "mais": true,
    "amex": true,
    "itau": false
  },
  "credits": "Imagens meramente ilustrativas | Ofertas válidas enquanto os itens estiverem disponíveis. Vendas sujeitas à análise e confirmação de dados pela empresa. Os preços, promoções e condições de pagamento são válidos exclusivamente para compras efetuadas em nosso site. CNPJ: 42.848.729/0001-62 (clique para consultar junto RFB). © MacPremier Technology 2022. Todos os direitos reservados."
}