{
  "marketing_stripe": {
    "text": "Texto (opcional)",
    "link": "",
    "background": "#ffffff",
    "color": "#000000"
  },
  "contacts_stripe": {
    "pages": [
      {
        "title": "assessoria de imprensa",
        "link": "https://macpremier.com.br/"
      },
      {
        "title": "blog",
        "link": "https://macmagazine.com.br/"
      },
      {
        "title": "cdc",
        "link": "https://www2.camara.leg.br/legin/fed/lei/1990/lei-8078-11-setembro-1990-365086-normaatualizada-pl.pdf"
      },
      {
        "title": "como comprar?",
        "link": "https://www.macpremier.com.br/pages/como-comprar"
      },
      {
        "title": "fale conosco",
        "link": "https://www.macpremier.com.br/pages/contato"
      },
      {
        "title": "f.a.q.",
        "link": "https://www.macpremier.com.br/pages/faq"
      },
      {
        "title": "fórum",
        "link": "https://forum.macmagazine.com.br/"
      },
      {
        "title": "guia de segurança",
        "link": "https://www.macpremier.com.br/pages/guia-de-seguranca"
      },
      {
        "title": "macpremier social",
        "link": "https://macpremier.com.br/"
      },
      {
        "title": "parceiros",
        "link": "https://macpremier.com.br/"
      },
      {
        "title": "políticas",
        "link": "https://www.macpremier.com.br/pages/politicas"
      },
      {
        "title": "podcast",
        "link": "https://macmagazine.com.br/categoria/podcast/"
      },
      {
        "title": "rastreio rápido",
        "link": "https://tracking.skypostal.com/single-tracking.aspx?"
      }
    ],
    "phone_wpp": false,
    "socials": true
  },
  "categories_list": {
    "featured": [
      "/macbook?MacBook",
      "/mac-mini?Mac mini",
      "/imac?iMac",
      "/iphone?iPhone",
      "/ipad?iPad",
      "/watch?Watch",
      "/airpods?Airpods",
      "/tv-e-casa?TV & Casa",
      "/acessorios?Acessórios"
    ],
    "random": 0,
    "full_width": true
  },
  "search_input": true,
  "desktop_megamenu": true
}