{
  "meta_title": "MacPremier® | Site oficial",
  "meta_description": "E-commerce varejista de produtos de informática, telefonia e tecnologia.",
  "sections": [
    {
      "type": "banner-slider",
      "autoplay": 5000,
      "slides": [
        {
          "start": "2022-04-14T00:52:00.614Z",
          "end": "2022-11-25T00:52:00.639Z",
          "img": "/img/uploads/banner-iplace-home-off-130422-desk.webp",
          "mobile_img": "/img/uploads/banner-iplace-home-off-130422-desk.webp"
        }
      ],
      "full_width": true
    },
    {
      "type": "info-bar",
      "enabled": true
    },
    {
      "type": "custom-content",
      "markdown": "<!--StartFragment-->\n\n- - -\n\n<!--EndFragment-->"
    },
    {
      "type": "banner-slider",
      "autoplay": 5000,
      "full_width": false,
      "slides": [
        {
          "start": "2022-05-02T22:32:15.958Z",
          "end": "2024-01-01T22:32:16.015Z",
          "img": "/img/uploads/desktop-macbook-air-m1-667px-macpremier.png",
          "mobile_img": "/img/uploads/mobile-macbook-air-m1-667px-macpremier.png",
          "alt": "MacBook Air 13\" com Chip M1, CPU de 8 núcleos e GPU a partir de 7 núcleos",
          "link": "https://www.macpremier.com.br/macbook-air"
        },
        {
          "start": "2022-05-02T23:26:48.175Z",
          "end": "2024-01-01T23:26:48.225Z",
          "img": "/img/uploads/mobile-macbook-pro-m1-667px-macpremier.png",
          "mobile_img": "/img/uploads/mobile-macbook-pro-m1-667px-macpremier.png",
          "link": "https://www.macpremier.com.br/macbook-pro-13-com-chip-m1-cpu-de-8-nucleos-e-gpu-de-8-nucleos",
          "alt": "MacBook Pro 13\" com Chip M1, CPU de 8 núcleos e GPU de 8 núcleos"
        },
        {
          "start": "2022-05-03T18:51:20.388Z",
          "end": "2024-01-01T18:51:20.507Z",
          "img": "/img/uploads/mobile-macbook-pro-m1-pro-14p-667px-macpremier.png",
          "mobile_img": "/img/uploads/mobile-macbook-pro-m1-pro-14p-667px-macpremier.png",
          "link": "https://www.macpremier.com.br/macbook-pro-14-polegadas",
          "alt": "MacBook Pro de 14 polegadas"
        },
        {
          "start": "2022-05-03T18:52:37.930Z",
          "end": "2024-01-01T18:52:37.977Z",
          "img": "/img/uploads/mobile-macbook-pro-m1-pro-ou-max-16p-667px-macpremier.png",
          "mobile_img": "/img/uploads/mobile-macbook-pro-m1-pro-ou-max-16p-667px-macpremier.png",
          "alt": "MacBook Pro de 16 polegadas",
          "link": "https://www.macpremier.com.br/macbook-pro-16-polegadas"
        }
      ]
    },
    {
      "page": "",
      "title": "Potência extrema para profissionais.",
      "shuffle": false,
      "headless": false,
      "type": "collection-shelf",
      "link": "",
      "limit": "",
      "collection_id": "61be335d0c7c727225d58200:categories:MacBook:/macbook",
      "sort": "highest_price"
    },
    {
      "type": "custom-content",
      "markdown": "<!--StartFragment-->\n\n- - -\n\n<!--EndFragment-->"
    },
    {
      "type": "banner-slider",
      "autoplay": 4000,
      "full_width": false,
      "slides": [
        {
          "start": "2022-05-02T21:19:55.753Z",
          "end": "2024-04-01T21:19:55.798Z",
          "img": "/img/uploads/desktop-home-macmini1-macpremier.png",
          "mobile_img": "/img/uploads/mobile-home-macmini1-macpremier.png",
          "link": "https://www.macpremier.com.br/mac-mini-apple-com-chip-m1-cpu-de-8-nucleos-e-gpu-8-nucleos"
        },
        {
          "start": "2022-05-01T20:39:19.586Z",
          "end": "2024-01-01T20:39:19.613Z",
          "img": "/img/uploads/desktop-home-imac1-macpremier.png",
          "mobile_img": "/img/uploads/mobile-home-imac1-macpremier.png",
          "link": "https://www.macpremier.com.br/novo-apple-imac-24-com-chip-m1-cpu-de-8-nucleos-e-gpu-de-7-nucleos"
        },
        {
          "start": "2022-05-01T21:13:43.180Z",
          "end": "2024-01-01T21:13:43.249Z",
          "mobile_img": "/img/uploads/mobile-home-imac2-macpremier.png",
          "img": "/img/uploads/desktop-home-imac2-macpremier.png",
          "link": "https://www.macpremier.com.br/novo-apple-imac-24-com-chip-m1-cpu-de-8-nucleos-e-gpu-de-8-nucleos"
        },
        {
          "start": "2022-05-02T21:21:06.433Z",
          "end": "2024-02-01T21:21:06.509Z",
          "img": "/img/uploads/desktop-home-macmini2-macpremier.png",
          "mobile_img": "/img/uploads/mobile-home-macmini2-macpremier.png",
          "link": "https://www.macpremier.com.br/mac-mini-intel-coretm-i5-de-6-nucleos-e-30-ghz-com-intel-uhd-graphics-630"
        },
        {
          "start": "2022-05-02T21:19:02.003Z",
          "end": "2024-01-01T21:19:02.045Z",
          "img": "/img/uploads/desktop-home-acessorios-mac-macpremier.png",
          "mobile_img": "/img/uploads/mobile-home-acessorios-mac-macpremier.png"
        }
      ]
    },
    {
      "type": "collection-shelf",
      "shuffle": false,
      "limit": "",
      "page": "",
      "collection_id": "626da8733da6d37bc217629b:collections:Mac desktops:/mac-desktops",
      "sort": "highest_price",
      "title": "Fácil de usar, potente e pronto para trabalhar",
      "link": ""
    },
    {
      "type": "custom-content",
      "markdown": "<!--StartFragment-->\n\n- - -\n\n<!--EndFragment-->"
    },
    {
      "type": "responsive-banner",
      "img": "/img/uploads/banner-macpremier-bcv-030122-ipad-mini-6.webp",
      "mobile_img": "/img/uploads/banner-macpremier-home-linha-221021-ipad-mini-mob.webp"
    },
    {
      "type": "responsive-banner",
      "img": "/img/uploads/banner-macpremier-home-linha-250322-ipad-9-desk.jpg",
      "mobile_img": "/img/uploads/banner-macpremier-home-linha-250322-ipad-9-mob.jpg"
    },
    {
      "type": "collection-shelf",
      "shuffle": false,
      "limit": "",
      "page": "",
      "collection_id": "61b397010c7c727225c54875:categories:iPad:/ipad",
      "sort": "highest_price",
      "headless": false,
      "title": "iPad: Sim, ele faz isso. E muito mais."
    },
    {
      "type": "custom-content",
      "markdown": "<!--StartFragment-->\n\n#### iPad de 10,2 polegadas\n\nO iPad tem tudo o que você precisa em um computador, e muitas outras coisas que não encontraria em um PC. Veja os motivos para escolher um iPad.\n\n#### iPad Air\n\nO novo iPad Pro é mais poderoso que a maioria dos computadores. E mais portátil, versátil e fácil de usar.\n\n#### iPad mini\n\nO novo iPad Pro é mais poderoso que a maioria dos computadores. E mais portátil, versátil e fácil de usar.\n\n#### iPad Pro\n\nO novo iPad Pro é mais poderoso que a maioria dos computadores. E mais portátil, versátil e fácil de usar.\n\n- - -\n\n<!--EndFragment-->"
    },
    {
      "type": "banner-slider",
      "autoplay": 3000,
      "full_width": false,
      "slides": [
        {
          "start": "2022-04-30T22:26:16.660Z",
          "end": "2024-01-01T22:26:16.701Z",
          "img": "/img/uploads/desktop-iphone-se-macpremier.png",
          "mobile_img": "/img/uploads/mobile-iphone-se-macpremier.png"
        },
        {
          "start": "2022-04-30T22:33:07.550Z",
          "end": "2024-01-01T22:33:07.610Z",
          "img": "/img/uploads/desktop-iphone-13-mini-macpremier.png",
          "mobile_img": "/img/uploads/mobile-iphone-13-mini-macpremier.png",
          "link": "https://www.macpremier.com.br/apple-iphone-13-mini-ios-5g-wi-fi-tela-54-camera-dupla-12mp"
        },
        {
          "start": "2022-04-30T22:34:04.946Z",
          "end": "2024-01-01T22:34:04.989Z",
          "img": "/img/uploads/desktop-iphone-13-macpremier.png",
          "mobile_img": "/img/uploads/mobile-iphone-13-macpremier.png",
          "link": "https://www.macpremier.com.br/iphone-13-apple-ios-5g-wi-fi-tela-61-camera-dupla-12mp"
        },
        {
          "start": "2022-04-30T22:34:49.855Z",
          "end": "2024-01-01T22:34:49.906Z",
          "img": "/img/uploads/desktop-iphone-12-mini-macpremier.png",
          "mobile_img": "/img/uploads/mobile-iphone-12-mini-macpremier.png",
          "link": "https://www.macpremier.com.br/iphone-12-mini-apple-ios-5g-wi-fi-tela-54-camera-12mp"
        },
        {
          "start": "2022-04-30T22:35:35.610Z",
          "end": "2024-01-01T22:35:35.672Z",
          "img": "/img/uploads/desktop-iphone-12-macpremier.png",
          "mobile_img": "/img/uploads/mobile-iphone-12-macpremier.png",
          "link": "https://www.macpremier.com.br/iphone-12-apple-ios-5g-wi-fi-tela-61-camera-12mp"
        },
        {
          "start": "2022-04-30T22:36:22.792Z",
          "end": "2024-01-01T22:36:22.844Z",
          "img": "/img/uploads/desktop-iphone-13-pro-macpremier.png",
          "mobile_img": "/img/uploads/mobile-iphone-13-pro-macpremier.png",
          "link": "https://www.macpremier.com.br/apple-iphone-13-pro-ios-5g-wi-fi-tela-61-camera-tripla-12mp-sensor-lidar"
        },
        {
          "start": "2022-04-30T22:37:50.316Z",
          "end": "2024-01-01T22:37:50.392Z",
          "mobile_img": "/img/uploads/mobile-iphone-13-pro-max-macpremier.png",
          "img": "/img/uploads/desktop-iphone-13-pro-max-macpremier.png",
          "link": "https://www.macpremier.com.br/apple-iphone-13-pro-max-ios-5g-wi-fi-tela-67-camera-tripla-12mp-sensor-lidar"
        }
      ]
    },
    {
      "type": "collection-shelf",
      "shuffle": false,
      "limit": 12,
      "page": 1,
      "title": "Superpoderes na palma da mão.",
      "collection_id": "61b396cd0c7c727225c54820:categories:iPhone:/iphone",
      "sort": "highest_price"
    },
    {
      "type": "custom-content",
      "markdown": "<!--StartFragment-->\n\n#### [](https://www.apple.com/br/iphone-13/switch/)iPhone 13 Pro e iPhone 13 Pro Max\n\nVem para o iPhone: a câmera mais popular do mundo, bateria de longa duração, feito para durar e deixa muito fácil transferir seu conteúdo do Android.\n\n#### iPhone 13 e iPhone 13 mini\n\nVem para o iPhone: a câmera mais popular do mundo, bateria de longa duração, feito para durar e deixa muito fácil transferir seu conteúdo do Android.\n\n#### iPhone 12 e iPhone 12 mini\n\nVem para o iPhone: a câmera mais popular do mundo, bateria de longa duração, feito para durar e deixa muito fácil transferir seu conteúdo do Android.\n\n#### iPhone SE\n\nVem para o iPhone: a câmera mais popular do mundo, bateria de longa duração, feito para durar e deixa muito fácil transferir seu conteúdo do Android.\n\n- - -\n\n<!--EndFragment-->"
    },
    {
      "type": "collection-shelf",
      "shuffle": false,
      "limit": "",
      "page": "",
      "collection_id": "61b397210c7c727225c548b7:categories:Watch:/watch",
      "sort": "highest_price",
      "title": "O dispositivo definitivo para uma vida saudável."
    },
    {
      "type": "custom-content",
      "markdown": "<!--StartFragment-->\n\n#### Apple Watch Series 7\n\nO Apple Watch é o relógio perfeito para registrar seus treinos e exercícios, acompanhar sua saúde e manter você em conexão. Saiba mais o smartwatch.\n\n#### Apple Watch SE\n\nO Apple Watch é um ótimo relógio de treinos, dá informações importantes sobre sua saúde e conecta você a tudo e a todos que interessam.\n\n#### Apple Watch Series 3\n\nConheça o Apple Watch: o relógio ideal para uma vida saudável, com os principais recursos de boa forma, monitoramento cardíaco e conectividade.\n\n#### Apple Watch Nike\n\nO relógio Apple Watch Nike tem pulseiras e mostradores exclusivos, nova tela Retina Sempre Ativa e app Nike Run Club. O smartwatch para ir mais longe.\n\n<!--EndFragment-->\n\n- - -\n\n<!--EndFragment-->"
    },
    {
      "type": "collection-shelf",
      "shuffle": false,
      "limit": 12,
      "page": 1,
      "collection_id": "61b397340c7c727225c548cc:categories:Airpods:/airpods",
      "sort": "highest_price",
      "title": "Para todo mundo ouvir. Opções incomparáveis para um som de alta qualidade."
    },
    {
      "type": "custom-content",
      "markdown": "<!--StartFragment-->\n\n##### [AirPods](https://www.apple.com/br/airpods/)\n\nOs AirPods oferecem uma experiência sem fio inigualável — da configuração sem esforço ao som de alta qualidade. Encontre o modelo ideal para você.\n\n<!--EndFragment-->"
    },
    {
      "type": "collection-shelf",
      "shuffle": false,
      "limit": "",
      "page": "",
      "title": "Convide o futuro para entrar na sua casa.",
      "collection_id": "61b397590c7c727225c54906:categories:TV & Casa:/tv-e-casa",
      "sort": "highest_price"
    },
    {
      "type": "custom-content",
      "markdown": "<!--StartFragment-->\n\n#### Apple TV\n\nConecte a Apple TV e outros acessórios para deixar sua casa mais inteligente e conveniente. Você controla tudo com seus aparelhos.\n\n#### Apple TV 4K\n\nNova Apple TV 4K: assista ao Apple TV+ e a filmes e séries em HDR com Alta Taxa de Quadros 4K, divirta-se com jogos do Apple Arcade e muito mais.\n\n- - -\n\n<!--EndFragment-->"
    },
    {
      "type": "collection-shelf",
      "shuffle": true,
      "limit": "",
      "page": "",
      "collection_id": "61b397700c7c727225c54929:categories:Acessórios:/acessorios",
      "sort": "lowest_price",
      "title": "Feitos especialmente para seus aparelhos favoritos."
    },
    {
      "type": "responsive-banner",
      "img": "/img/uploads/fireshot-webpage-screenshot-011-amazon.com_-dji-www.amazon.com.png",
      "mobile_img": "/img/uploads/fireshot-webpage-screenshot-011-amazon.com_-dji-www.amazon.com.png"
    },
    {
      "type": "banners-grid",
      "banners": [
        {
          "img": "/img/uploads/fireshot-webpage-screenshot-007-amazon.com_-dji-www.amazon.com.png",
          "mobile_img": "/img/uploads/fireshot-webpage-screenshot-007-amazon.com_-dji-www.amazon.com.png"
        },
        {
          "img": "/img/uploads/fireshot-webpage-screenshot-008-amazon.com_-dji-www.amazon.com.png",
          "mobile_img": "/img/uploads/fireshot-webpage-screenshot-008-amazon.com_-dji-www.amazon.com.png"
        },
        {
          "img": "/img/uploads/fireshot-webpage-screenshot-009-amazon.com_-dji-www.amazon.com.png",
          "mobile_img": "/img/uploads/fireshot-webpage-screenshot-009-amazon.com_-dji-www.amazon.com.png"
        },
        {
          "img": "/img/uploads/fireshot-webpage-screenshot-010-amazon.com_-dji-www.amazon.com.png",
          "mobile_img": "/img/uploads/fireshot-webpage-screenshot-010-amazon.com_-dji-www.amazon.com.png"
        }
      ]
    },
    {
      "type": "custom-content",
      "markdown": "##### **Principais marcas**"
    },
    {
      "type": "responsive-banner",
      "img": "/img/uploads/5a249ee24d77b01fc62db5472f5c1a27.w3000.h600._cr0-0-3000-600_sx1500_.jpg",
      "mobile_img": "/img/uploads/5a249ee24d77b01fc62db5472f5c1a27.w3000.h600._cr0-0-3000-600_sx1500_.jpg"
    },
    {
      "type": "responsive-banner",
      "img": "/img/uploads/45258af0a2ffa2514d1a626ba36e6c62.w3000.h1250._cr0-384-3000-600_sx1500_.jpg",
      "mobile_img": "/img/uploads/45258af0a2ffa2514d1a626ba36e6c62.w3000.h1250._cr0-384-3000-600_sx1500_.jpg"
    },
    {
      "type": "responsive-banner",
      "img": "/img/uploads/e41d9a5aeef854012390dff846f93d1d.w4000.h800._cr0-0-4000-800_sx1500_.jpg",
      "mobile_img": "/img/uploads/e41d9a5aeef854012390dff846f93d1d.w4000.h800._cr0-0-4000-800_sx1500_.jpg"
    },
    {
      "type": "responsive-banner",
      "img": "/img/uploads/36e19673c7f4e57e3b585f3bf1935d34.w3000.h600._cr0-0-3000-600_sx1500_.jpg",
      "mobile_img": "/img/uploads/36e19673c7f4e57e3b585f3bf1935d34.w3000.h600._cr0-0-3000-600_sx1500_.jpg"
    }
  ]
}