{
  "sections": [
    {
      "type": "responsive-banner",
      "img": "/img/uploads/banner-mac.png",
      "mobile_img": "/img/uploads/banner-mac-mobile.png"
    },
    {
      "type": "breadcrumbs",
      "enabled": true
    },
    {
      "type": "product-block",
      "enabled": true
    },
    {
      "type": "custom-content",
      "markdown": "Vendido e entregue por **MacPremier** \n\n![]()\n\n![](/img/uploads/pix_gtm_desktop_ilm_1x_650x45_v3._cb651743463_.jpg)"
    },
    {
      "type": "info-bar",
      "enabled": true
    },
    {
      "type": "related-products",
      "title": "Produtos relacionados"
    },
    {
      "type": "recommended-products",
      "title": "Quem comprou este produto, também comprou:"
    },
    {
      "type": "product-description",
      "enabled": true
    },
    {
      "type": "product-specifications",
      "enabled": true
    },
    {
      "type": "related-products",
      "title": "Produtos relacionados"
    },
    {
      "type": "dynamic-showcase",
      "load_more": true,
      "sort": "highest_price"
    },
    {
      "type": "custom-content",
      "markdown": "##### **Principais marcas**"
    },
    {
      "type": "responsive-banner",
      "img": "/img/uploads/5a249ee24d77b01fc62db5472f5c1a27.w3000.h600._cr0-0-3000-600_sx1500_.jpg",
      "mobile_img": "/img/uploads/5a249ee24d77b01fc62db5472f5c1a27.w3000.h600._cr0-0-3000-600_sx1500_.jpg"
    },
    {
      "type": "responsive-banner",
      "img": "/img/uploads/36e19673c7f4e57e3b585f3bf1935d34.w3000.h600._cr0-0-3000-600_sx1500_.jpg",
      "mobile_img": "/img/uploads/36e19673c7f4e57e3b585f3bf1935d34.w3000.h600._cr0-0-3000-600_sx1500_.jpg"
    },
    {
      "type": "responsive-banner",
      "img": "/img/uploads/45258af0a2ffa2514d1a626ba36e6c62.w3000.h1250._cr0-384-3000-600_sx1500_.jpg",
      "mobile_img": "/img/uploads/45258af0a2ffa2514d1a626ba36e6c62.w3000.h1250._cr0-384-3000-600_sx1500_.jpg"
    },
    {
      "type": "responsive-banner",
      "img": "/img/uploads/e41d9a5aeef854012390dff846f93d1d.w4000.h800._cr0-0-4000-800_sx1500_.jpg",
      "mobile_img": "/img/uploads/e41d9a5aeef854012390dff846f93d1d.w4000.h800._cr0-0-4000-800_sx1500_.jpg"
    }
  ]
}